id,storeName,title,validFrom,validTo,postalCode,sourceUrl
7754991,"PetSmart","Weekend Flyer",2026-02-02T00:00:00-05:00,2026-02-04T23:59:59-05:00,K1P1J1,https://flipp.com/flyer/7754991-1184815
7758829,"PetSmart","Weekend Flyer",2026-02-05T00:00:00-05:00,2026-02-08T23:59:59-05:00,K1P1J1,https://flipp.com/flyer/7758829-1185462
7748915,"Walmart","Flyer",2026-01-29T00:00:00-05:00,2026-02-04T23:59:59-05:00,K1P1J1,https://flipp.com/flyer/7748915-1091868
7758450,"Walmart","Flyer",2026-02-05T00:00:00-05:00,2026-02-11T23:59:59-05:00,K1P1J1,https://flipp.com/flyer/7758450-1178518
7762358,"Familiprix","Weekly Flyer - Hosted",2026-02-05T00:00:00-05:00,2026-02-11T23:59:59-05:00,K1P1J1,https://flipp.com/flyer/7762358-1171775
7762360,"Familiprix","Weekly Flyer - Hosted",2026-02-05T00:00:00-05:00,2026-02-11T23:59:59-05:00,K1P1J1,https://flipp.com/flyer/7762360-1171774
7752500,"Familiprix","Weekly Flyer - Hosted",2026-01-29T00:00:00-05:00,2026-02-04T23:59:59-05:00,K1P1J1,https://flipp.com/flyer/7752500-1171771
7752488,"Familiprix","Weekly Flyer - Hosted",2026-01-29T00:00:00-05:00,2026-02-04T23:59:59-05:00,K1P1J1,https://flipp.com/flyer/7752488-1171769
7752510,"Familiprix","Weekly Flyer - Hosted",2026-01-29T00:00:00-05:00,2026-02-04T23:59:59-05:00,K1P1J1,https://flipp.com/flyer/7752510-1171770
7762340,"Familiprix","Weekly Flyer - Hosted",2026-02-05T00:00:00-05:00,2026-02-11T23:59:59-05:00,K1P1J1,https://flipp.com/flyer/7762340-1171776
7722561,"Leon's","NO MONEY MIRACLE",2026-01-22T00:00:00-05:00,2026-02-11T23:59:59-05:00,K1P1J1,https://flipp.com/flyer/7722561-1173988
7759414,"The Beer Store","Flyer",2026-02-02T00:00:00-05:00,2026-03-01T23:59:59-05:00,K1P1J1,https://flipp.com/flyer/7759414-1185617
7744751,"Sobeys","Weekly eFlyer 01/29 - 02/04",2026-01-29T00:00:00-05:00,2026-02-04T23:59:59-05:00,K1P1J1,https://flipp.com/flyer/7744751-1068057
7759739,"Your Independent Grocer","Weekly Flyer - Valid Thursday, February 5 - Wednesday, February 11",2026-02-05T00:00:00-05:00,2026-02-11T23:59:59-05:00,K1P1J1,https://flipp.com/flyer/7759739-1163103
7749188,"Real Canadian Superstore","Weekly Flyer - Valid Thursday Jan 29 - Wednesday Feb 04",2026-01-29T00:00:00-05:00,2026-02-04T23:59:59-05:00,K1P1J1,https://flipp.com/flyer/7749188-1152165
7748885,"Food Basics","Weekly Ad",2026-01-29T00:00:00-05:00,2026-02-04T23:59:59-05:00,K1P1J1,https://flipp.com/flyer/7748885-1152895
7749932,"No Frills","Weekly Flyer - Valid Thursday Jan 29 - Wednesday Feb 04",2026-01-29T00:00:00-05:00,2026-02-04T23:59:59-05:00,K1P1J1,https://flipp.com/flyer/7749932-1152323
7747428,"Metro","Ontario",2026-01-29T00:00:00-05:00,2026-02-04T23:59:59-05:00,K1P1J1,https://flipp.com/flyer/7747428-1173327
7757291,"Sobeys","Weekly eFlyer 02/05 - 02/11",2026-02-05T00:00:00-05:00,2026-02-11T23:59:59-05:00,K1P1J1,https://flipp.com/flyer/7757291-1068058
7756974,"Metro","Quebec",2026-02-05T00:00:00-05:00,2026-02-11T23:59:59-05:00,K1P1J1,https://flipp.com/flyer/7756974-1173402
7735346,"The Brick","Friends & Family",2026-01-29T00:00:00-05:00,2026-02-09T23:59:59-05:00,K1P1J1,https://flipp.com/flyer/7735346-1182476
7758759,"Food Basics","Weekly Ad",2026-02-05T00:00:00-05:00,2026-02-11T23:59:59-05:00,K1P1J1,https://flipp.com/flyer/7758759-1152896
7760229,"Real Canadian Superstore","Weekly Flyer - Valid Thursday, February 5 - Wednesday, February 11",2026-02-05T00:00:00-05:00,2026-02-11T23:59:59-05:00,K1P1J1,https://flipp.com/flyer/7760229-1152166
7746321,"Metro","Quebec",2026-01-29T00:00:00-05:00,2026-02-04T23:59:59-05:00,K1P1J1,https://flipp.com/flyer/7746321-1173401
7760189,"Loblaws","Weekly Flyer - Valid Thursday, February 5 - Wednesday, February 11",2026-02-05T00:00:00-05:00,2026-02-11T23:59:59-05:00,K1P1J1,https://flipp.com/flyer/7760189-1152114
7760369,"Metro","Ontario",2026-02-05T00:00:00-05:00,2026-02-11T23:59:59-05:00,K1P1J1,https://flipp.com/flyer/7760369-1185723
7747955,"Your Independent Grocer","Weekly Flyer - Valid Thursday Jan 29 - Wednesday Feb 04",2026-01-29T00:00:00-05:00,2026-02-04T23:59:59-05:00,K1P1J1,https://flipp.com/flyer/7747955-1163102
7749150,"Loblaws","Weekly Flyer - Valid Thursday Jan 29 - Wednesday Feb 04",2026-01-29T00:00:00-05:00,2026-02-04T23:59:59-05:00,K1P1J1,https://flipp.com/flyer/7749150-1152113
7752408,"IGA","Québec - Weekly eFlyer",2026-01-29T00:00:00-05:00,2026-02-04T23:59:59-05:00,K1P1J1,https://flipp.com/flyer/7752408-1077730
7762661,"IGA","Québec - Weekly eFlyer",2026-02-05T00:00:00-05:00,2026-02-11T23:59:59-05:00,K1P1J1,https://flipp.com/flyer/7762661-1077731
7758802,"No Frills","Weekly Flyer - Valid Thursday, February 5 - Wednesday, February 11",2026-02-05T00:00:00-05:00,2026-02-11T23:59:59-05:00,K1P1J1,https://flipp.com/flyer/7758802-1152324
7748897,"Food Basics","Flyer",2026-01-29T00:00:00-05:00,2026-02-18T23:59:59-05:00,K1P1J1,https://flipp.com/flyer/7748897-1183851
7736735,"Canadian Tire","Weekly Flyer",2026-02-05T00:00:00-05:00,2026-02-11T23:59:59-05:00,K1P1J1,https://flipp.com/flyer/7736735-1173312
7727949,"Canadian Tire","Weekly Flyer",2026-01-29T00:00:00-05:00,2026-02-04T23:59:59-05:00,K1P1J1,https://flipp.com/flyer/7727949-1173311
7736694,"Surplus Furniture & Mattress Warehouse","4 Piece/5 Piece Packages!",2026-01-26T00:00:00-05:00,2026-02-08T23:59:59-05:00,K1P1J1,https://flipp.com/flyer/7736694-1182514
7757585,"T&T Supermarket","Weekly Flyer",2026-01-30T00:00:00-05:00,2026-02-05T23:59:59-05:00,K1P1J1,https://flipp.com/flyer/7757585-1143339
7766746,"H&M ","Flyer",2026-02-04T00:00:00-05:00,2026-02-10T23:59:59-05:00,K1P1J1,https://flipp.com/flyer/7766746-1186613
7762093,"Newegg ","Flyer",2026-02-02T00:00:00-05:00,2026-02-08T23:59:59-05:00,K1P1J1,https://flipp.com/flyer/7762093-1185976
7758062,"Farmer's Pick","Indexed Weekly",2026-01-29T00:00:00-05:00,2026-02-04T23:59:59-05:00,K1P1J1,https://flipp.com/flyer/7758062-1185344
7742718,"Natural Food Pantry","Flyer",2026-02-01T00:00:00-05:00,2026-02-28T23:59:59-05:00,K1P1J1,https://flipp.com/flyer/7742718-1183206
7749892,"Farm Boy","Weekly",2026-01-29T00:00:00-05:00,2026-02-04T23:59:59-05:00,K1P1J1,https://flipp.com/flyer/7749892-1142679
7716841,"Chico","Flyer",2026-01-22T00:00:00-05:00,2026-02-04T23:59:59-05:00,K1P1J1,https://flipp.com/flyer/7716841-1176075
7758343,"Dollarama","Flyer",2026-01-29T00:00:00-05:00,2026-02-04T23:59:59-05:00,K1P1J1,https://flipp.com/flyer/7758343-1185386
7717588,"Princess Auto","National Sale",2026-01-27T00:00:00-05:00,2026-02-08T23:59:59-05:00,K1P1J1,https://flipp.com/flyer/7717588-1159975
7754449,"Princess Auto","Price Wrecker",2026-02-01T00:00:00-05:00,2026-02-28T23:59:59-05:00,K1P1J1,https://flipp.com/flyer/7754449-1159983
7729541,"Deco Surfaces","Flyer",2026-01-14T00:00:00-05:00,2026-02-08T23:59:59-05:00,K1P1J1,https://flipp.com/flyer/7729541-1148287
7759365,"Best Buy","Flyer",2026-01-30T00:00:00-05:00,2026-02-05T23:59:59-05:00,K1P1J1,https://flipp.com/flyer/7759365-1185615
7758486,"IKEA","Flyer",2026-01-29T00:00:00-05:00,2026-02-04T23:59:59-05:00,K1P1J1,https://flipp.com/flyer/7758486-1185405
7752482,"Familiprix","Weekly Flyer - Extra",2026-01-29T00:00:00-05:00,2026-02-04T23:59:59-05:00,K1P1J1,https://flipp.com/flyer/7752482-1171772
7752972,"PetSmart","Monthly Flyer",2026-02-02T00:00:00-05:00,2026-03-01T23:59:59-05:00,K1P1J1,https://flipp.com/flyer/7752972-1184277
7697956,"BMR","Agrizone",2026-01-08T00:00:00-05:00,2026-02-04T23:59:59-05:00,K1P1J1,https://flipp.com/flyer/7697956-1176742
7732813,"Rossy","Low Price Promise",2026-01-29T00:00:00-05:00,2026-02-25T23:59:59-05:00,K1P1J1,https://flipp.com/flyer/7732813-1182113
7760463,"Farm Boy","Weekly",2026-02-05T00:00:00-05:00,2026-02-11T23:59:59-05:00,K1P1J1,https://flipp.com/flyer/7760463-1142680
7722401,"Cosmaroma","Cut the Cost Winter Event",2026-01-12T00:00:00-05:00,2026-02-12T23:59:59-05:00,K1P1J1,https://flipp.com/flyer/7722401-1179624
7709959,"Healthy Planet","Sports Nutrition",2026-01-09T00:00:00-05:00,2026-02-04T23:59:59-05:00,K1P1J1,https://flipp.com/flyer/7709959-1094789
7747752,"Accès pharma","Monthly",2026-01-29T00:00:00-05:00,2026-02-11T23:59:59-05:00,K1P1J1,https://flipp.com/flyer/7747752-1148261
7762206,"Costco","Flyer",2026-02-02T00:00:00-05:00,2026-02-08T23:59:59-05:00,K1P1J1,https://flipp.com/flyer/7762206-1185996
7717302,"Home Hardware","Kitchen and Bath",2026-01-15T00:00:00-05:00,2026-04-08T23:59:59-04:00,K1P1J1,https://flipp.com/flyer/7717302-1156689
7758342,"The Shopping Channel","Flyer",2026-01-29T00:00:00-05:00,2026-02-04T23:59:59-05:00,K1P1J1,https://flipp.com/flyer/7758342-1185385
7735271,"La Boite à Grains","Newcampaign",2026-01-28T00:00:00-05:00,2026-02-24T23:59:59-05:00,K1P1J1,https://flipp.com/flyer/7735271-1149622
7735381,"Hart Stores","Flyer",2026-01-28T00:00:00-05:00,2026-02-10T23:59:59-05:00,K1P1J1,https://flipp.com/flyer/7735381-1182510
7689520,"Subway","Subway",2026-01-02T00:00:00-05:00,2026-02-12T23:59:59-05:00,K1P1J1,https://flipp.com/flyer/7689520-1175428
7753167,"Ren's Pets","February Deals Worth Loving",2026-02-01T05:00:00-05:00,2026-02-28T23:59:59-05:00,K1P1J1,https://flipp.com/flyer/7753167-1184319
7745299,"Magnotta Wines, Beers and Spirits","Bimonthly Flyer",2026-02-02T00:00:00-05:00,2026-02-28T23:59:59-05:00,K1P1J1,https://flipp.com/flyer/7745299-1183310
7688067,"Sobeys","Wellness eflyer 01/01 - 02/11",2026-01-01T00:00:00-05:00,2026-02-11T23:59:59-05:00,K1P1J1,https://flipp.com/flyer/7688067-1171071
7732881,"Sobeys","Lunar New Year",2026-01-22T00:00:00-05:00,2026-02-18T23:59:59-05:00,K1P1J1,https://flipp.com/flyer/7732881-1180792
7756914,"Jean Coutu","Special Insert",2026-02-05T00:00:00-05:00,2026-02-11T23:59:59-05:00,K1P1J1,https://flipp.com/flyer/7756914-1185126
7739435,"Uniprix Sante","Uniprix Sante",2026-01-29T00:00:00-05:00,2026-02-04T23:59:59-05:00,K1P1J1,https://flipp.com/flyer/7739435-1168184
7736668,"Proximed","Monthly  Flyer",2026-01-29T00:00:00-05:00,2026-02-25T23:59:59-05:00,K1P1J1,https://flipp.com/flyer/7736668-1182586
7757256,"La-Z-Boy Ottawa & Kingston","Flyer",2026-02-03T00:00:00-05:00,2026-02-23T23:59:59-05:00,K1P1J1,https://flipp.com/flyer/7757256-1171729
7752665,"IGA","Value Notebook QC",2026-01-29T00:00:00-05:00,2026-02-04T23:59:59-05:00,K1P1J1,https://flipp.com/flyer/7752665-1184266
7755073,"Bumper to Bumper","Flyer",2026-02-02T00:00:00-05:00,2026-02-28T23:59:59-05:00,K1P1J1,https://flipp.com/flyer/7755073-1181080
7731308,"Chico","Flyer",2026-02-05T00:00:00-05:00,2026-02-18T23:59:59-05:00,K1P1J1,https://flipp.com/flyer/7731308-1176076
7729532,"Rossy","Flyer",2026-01-29T00:00:00-05:00,2026-02-25T23:59:59-05:00,K1P1J1,https://flipp.com/flyer/7729532-1097570
7746342,"Metro","mieux choisir mieux vivre",2026-01-29T00:00:00-05:00,2026-02-04T23:59:59-05:00,K1P1J1,https://flipp.com/flyer/7746342-1178964
7758345,"Holt Renfrew","Flyer",2026-01-29T00:00:00-05:00,2026-02-04T23:59:59-05:00,K1P1J1,https://flipp.com/flyer/7758345-1185388
7712200,"Healthy Planet","Produce",2026-01-22T00:00:00-05:00,2026-02-04T23:59:59-05:00,K1P1J1,https://flipp.com/flyer/7712200-1093574
7686761,"Sobeys","Price Locked until Feb. 11",2026-01-01T00:00:00-05:00,2026-02-11T23:59:59-05:00,K1P1J1,https://flipp.com/flyer/7686761-1172065
7758523,"Staples","Weekly",2026-01-30T00:00:00-05:00,2026-02-05T23:59:59-05:00,K1P1J1,https://flipp.com/flyer/7758523-1185412
7760269,"Black History Month by Flipp","Flyer",2026-02-01T00:00:00-05:00,2026-02-07T23:59:59-05:00,K1P1J1,https://flipp.com/flyer/7760269-1185715
7762047,"Old Navy ","Flyer",2026-02-02T00:00:00-05:00,2026-02-08T23:59:59-05:00,K1P1J1,https://flipp.com/flyer/7762047-1185959
7725456,"Home Depot","Flyer",2026-01-15T00:00:00-05:00,2026-02-04T23:59:59-05:00,K1P1J1,https://flipp.com/flyer/7725456-1130010
7734813,"Proxim","Catalogue",2026-01-29T00:00:00-05:00,2026-02-04T23:59:59-05:00,K1P1J1,https://flipp.com/flyer/7734813-1172514
7710962,"Wholehealth Pharmacy","Flyer",2026-01-05T00:00:00-05:00,2026-02-28T23:59:59-05:00,K1P1J1,https://flipp.com/flyer/7710962-1178115
7758921,"Healthy Planet","Produce",2026-02-05T00:00:00-05:00,2026-02-18T23:59:59-05:00,K1P1J1,https://flipp.com/flyer/7758921-1093575
7723382,"On the Run","Direct Flyer",2026-01-14T00:00:00-05:00,2026-03-31T23:59:59-04:00,K1P1J1,https://flipp.com/flyer/7723382-1160176
7766745,"Sephora ","FlyerCP",2026-02-04T00:00:00-05:00,2026-02-10T23:59:59-05:00,K1P1J1,https://flipp.com/flyer/7766745-1186617
7762435,"Home Depot","Flyer",2026-02-05T00:00:00-05:00,2026-02-25T23:59:59-05:00,K1P1J1,https://flipp.com/flyer/7762435-1182268
7758774,"Proxim","Catalogue",2026-02-05T00:00:00-05:00,2026-02-11T23:59:59-05:00,K1P1J1,https://flipp.com/flyer/7758774-1172515
7711035,"FreshCo","Lunar New Year",2026-01-08T00:00:00-05:00,2026-02-04T23:59:59-05:00,K1P1J1,https://flipp.com/flyer/7711035-1173957
7762346,"Familiprix","Weekly Flyer - Extra",2026-02-05T00:00:00-05:00,2026-02-11T23:59:59-05:00,K1P1J1,https://flipp.com/flyer/7762346-1171777
7764435,"Wayfair","flyer",2026-02-03T00:00:00-05:00,2026-02-09T23:59:59-05:00,K1P1J1,https://flipp.com/flyer/7764435-1186245
7758487,"Sport Chek","Flyer",2026-01-29T00:00:00-05:00,2026-02-04T23:59:59-05:00,K1P1J1,https://flipp.com/flyer/7758487-1185406
7757547,"Tanguay","Flyer",2026-01-29T00:00:00-05:00,2026-02-26T23:59:59-05:00,K1P1J1,https://flipp.com/flyer/7757547-1185242
7742004,"Jean Coutu","Special Insert",2026-01-29T00:00:00-05:00,2026-02-11T23:59:59-05:00,K1P1J1,https://flipp.com/flyer/7742004-1183107
7711570,"Metro","Low Prices Every Day",2026-01-08T00:00:00-05:00,2026-02-04T23:59:59-05:00,K1P1J1,https://flipp.com/flyer/7711570-1178192
7756947,"LCBO","FLYERS2025",2026-02-01T00:00:00-05:00,2026-02-28T23:59:59-05:00,K1P1J1,https://flipp.com/flyer/7756947-1183652
7757233,"Mid-East Food Centre","Indexed Weekly",2026-01-29T00:00:00-05:00,2026-02-04T23:59:59-05:00,K1P1J1,https://flipp.com/flyer/7757233-1185224
7759127,"Green Fresh Supermarket","Indexed Weekly",2026-01-30T00:00:00-05:00,2026-02-05T23:59:59-05:00,K1P1J1,https://flipp.com/flyer/7759127-1185598
7762209,"Costco","Costco Grocery",2026-02-02T00:00:00-05:00,2026-02-08T23:59:59-05:00,K1P1J1,https://flipp.com/flyer/7762209-1185999
7762207,"Blair & Son Home Furnishings","Indexed Weekly",2026-02-05T00:00:00-05:00,2026-02-22T23:59:59-05:00,K1P1J1,https://flipp.com/flyer/7762207-1185997
7762094,"Blair & Son Home Furnishings","Indexed Weekly",2026-02-05T00:00:00-05:00,2026-02-22T23:59:59-05:00,K1P1J1,https://flipp.com/flyer/7762094-1185977
7756993,"Pet Valu","Lookbooks",2026-02-01T00:00:00-05:00,2026-02-28T23:59:59-05:00,K1P1J1,https://flipp.com/flyer/7756993-1169922
7757002,"Pet Valu","Lookbooks",2026-02-01T00:00:00-05:00,2026-02-28T23:59:59-05:00,K1P1J1,https://flipp.com/flyer/7757002-1169920
7765031,"Green Fresh Supermarket","Indexed Weekly",2026-01-30T00:00:00-05:00,2026-02-05T23:59:59-05:00,K1P1J1,https://flipp.com/flyer/7765031-1186293
7727609,"Pet Valu","Lookbooks",2026-02-01T00:00:00-05:00,2026-02-28T23:59:59-05:00,K1P1J1,https://flipp.com/flyer/7727609-1169925
7731314,"Costco","Flyer",2026-01-19T00:00:00-05:00,2026-02-15T23:59:59-05:00,K1P1J1,https://flipp.com/flyer/7731314-1181467
7498513,"Party City","Local Ad",2025-08-29T00:00:00-04:00,2026-03-26T23:59:59-04:00,K1P1J1,https://flipp.com/flyer/7498513-1062812
7744790,"Adonis","Weekly",2026-01-29T00:00:00-05:00,2026-02-04T23:59:59-05:00,K1P1J1,https://flipp.com/flyer/7744790-1144656
7751491,"Michaels Canada","Weekly Ad",2026-01-30T00:00:00-05:00,2026-02-05T23:59:59-05:00,K1P1J1,https://flipp.com/flyer/7751491-1183966
7748245,"Rachelle Béry","Espace Santé",2026-01-29T00:00:00-05:00,2026-02-04T23:59:59-05:00,K1P1J1,https://flipp.com/flyer/7748245-1150411
7754795,"Cabela's & Bass Pro","Winter Adventure Sale",2026-01-29T00:00:00-05:00,2026-02-11T23:59:59-05:00,K1P1J1,https://flipp.com/flyer/7754795-1175514
7756938,"Super C","Flyer",2026-02-05T00:00:00-05:00,2026-02-11T23:59:59-05:00,K1P1J1,https://flipp.com/flyer/7756938-1152840
7758616,"Adonis","Weekly",2026-02-05T00:00:00-05:00,2026-03-25T23:59:59-04:00,K1P1J1,https://flipp.com/flyer/7758616-1185450
7749864,"M&M Food Market","Weekly Flyer",2026-01-29T00:00:00-05:00,2026-02-04T23:59:59-05:00,K1P1J1,https://flipp.com/flyer/7749864-1179654
7755404,"PharmaChoice","Flyer",2026-02-05T00:00:00-05:00,2026-02-11T23:59:59-05:00,K1P1J1,https://flipp.com/flyer/7755404-1077386
7747931,"Provigo","Weekly Flyer - Valid Thursday Jan 29 - Wednesday Feb 04",2026-01-29T00:00:00-05:00,2026-02-04T23:59:59-05:00,K1P1J1,https://flipp.com/flyer/7747931-1180388
7755659,"FreshCo","Weekly eFlyer 02/05 - 02/11",2026-02-05T00:00:00-05:00,2026-02-11T23:59:59-05:00,K1P1J1,https://flipp.com/flyer/7755659-1145120
7706182,"I.D.A.","Prescription Centre Flyer 5 km",2026-01-23T00:00:00-05:00,2026-02-26T23:59:59-05:00,K1P1J1,https://flipp.com/flyer/7706182-1177464
7758881,"L'Inter-Marché","Weekly Flyer - Valid Thursday, February 5 - Wednesday, February 11",2026-02-05T00:00:00-05:00,2026-02-11T23:59:59-05:00,K1P1J1,https://flipp.com/flyer/7758881-1074017
7761397,"Rachelle Béry","Espace Santé",2026-02-05T00:00:00-05:00,2026-02-11T23:59:59-05:00,K1P1J1,https://flipp.com/flyer/7761397-1185322
7732542,"Wholesale Club and Club Entrepôt","Weekly Flyer - Valid Thursday Jan 29 - Wednesday Feb 18",2026-01-29T00:00:00-05:00,2026-02-18T23:59:59-05:00,K1P1J1,https://flipp.com/flyer/7732542-1171679
7730754,"Brunet","Flyer",2026-01-29T00:00:00-05:00,2026-02-04T23:59:59-05:00,K1P1J1,https://flipp.com/flyer/7730754-1144713
7733197,"Stokes ","Flyer",2026-01-26T00:01:00-05:00,2026-02-15T23:59:59-05:00,K1P1J1,https://flipp.com/flyer/7733197-1182158
7739536,"RONA & RONA +","Weekly Flyer",2026-01-29T00:00:00-05:00,2026-02-11T23:59:59-05:00,K1P1J1,https://flipp.com/flyer/7739536-1169486
7747520,"Brunet","Flyer",2026-02-05T00:00:00-05:00,2026-02-11T23:59:59-05:00,K1P1J1,https://flipp.com/flyer/7747520-1144714
7757391,"Pharmaprix","Flyer",2026-01-31T00:00:00-05:00,2026-02-05T23:59:59-05:00,K1P1J1,https://flipp.com/flyer/7757391-1185231
7758576,"Adonis","Weekly",2026-02-05T00:00:00-05:00,2026-02-11T23:59:59-05:00,K1P1J1,https://flipp.com/flyer/7758576-1144657
7711185,"Rexall","Weekly Flyer",2026-01-23T00:00:00-05:00,2026-02-05T23:59:59-05:00,K1P1J1,https://flipp.com/flyer/7711185-1146983
7759431,"Provigo","Weekly Flyer - Valid Thursday, February 5 - Wednesday, February 11",2026-02-05T00:00:00-05:00,2026-02-11T23:59:59-05:00,K1P1J1,https://flipp.com/flyer/7759431-1181645
7749336,"Super C","Flyer",2026-01-29T00:00:00-05:00,2026-02-04T23:59:59-05:00,K1P1J1,https://flipp.com/flyer/7749336-1183939
7758920,"Healthy Planet","Monthly Ad",2026-02-05T00:00:00-05:00,2026-03-04T23:59:59-05:00,K1P1J1,https://flipp.com/flyer/7758920-1093544
7755269,"Giant Tiger","Weekly Flyer",2026-02-04T00:00:00-05:00,2026-02-10T23:59:59-05:00,K1P1J1,https://flipp.com/flyer/7755269-1150577
7729075,"Uniprix","Weekly Flyer",2026-01-29T00:00:00-05:00,2026-02-04T23:59:59-05:00,K1P1J1,https://flipp.com/flyer/7729075-1168082
7753168,"Ren's Pets","February Grooming Must Haves",2026-02-01T05:00:00-05:00,2026-02-28T23:59:59-05:00,K1P1J1,https://flipp.com/flyer/7753168-1184320
7739270,"PharmaChoice","Flyer",2026-01-29T00:00:00-05:00,2026-02-04T23:59:59-05:00,K1P1J1,https://flipp.com/flyer/7739270-1077385
7759714,"Maxi","Weekly Flyer - Valid Thursday, February 5 - Wednesday, February 11",2026-02-05T00:00:00-05:00,2026-02-11T23:59:59-05:00,K1P1J1,https://flipp.com/flyer/7759714-1172074
7749984,"Pharmasave","Weekly Flyer and Coupons",2026-01-30T00:00:00-05:00,2026-02-12T23:59:59-05:00,K1P1J1,https://flipp.com/flyer/7749984-1170821
7699325,"Healthy Planet","Monthly Ad",2026-01-08T00:00:00-05:00,2026-02-04T23:59:59-05:00,K1P1J1,https://flipp.com/flyer/7699325-1093543
7746475,"FreshCo","Weekly eFlyer 01/29-02/04",2026-01-29T00:00:00-05:00,2026-02-04T23:59:59-05:00,K1P1J1,https://flipp.com/flyer/7746475-1145119
7709477,"Guardian","Prescription Centre Flyer 5 km",2026-01-23T00:00:00-05:00,2026-02-26T23:59:59-05:00,K1P1J1,https://flipp.com/flyer/7709477-1177873
7741996,"Super C","Flyer",2026-01-29T00:00:00-05:00,2026-02-04T23:59:59-05:00,K1P1J1,https://flipp.com/flyer/7741996-1183105
7749274,"Shoppers Drug Mart","Flyer",2026-01-31T00:00:00-05:00,2026-02-05T23:59:59-05:00,K1P1J1,https://flipp.com/flyer/7749274-1151071
7760990,"M&M Food Market","Weekly Flyer",2026-02-05T00:00:00-05:00,2026-02-11T23:59:59-05:00,K1P1J1,https://flipp.com/flyer/7760990-1182747
7754918,"Uniprix","Weekly Flyer",2026-02-05T00:00:00-05:00,2026-02-11T23:59:59-05:00,K1P1J1,https://flipp.com/flyer/7754918-1168083
7749215,"Maxi","Weekly Flyer - Valid Thursday Jan 29 - Wednesday Feb 04",2026-01-29T00:00:00-05:00,2026-02-04T23:59:59-05:00,K1P1J1,https://flipp.com/flyer/7749215-1172073
7762213,"Super C","Flyer",2026-02-05T00:00:00-05:00,2026-02-11T23:59:59-05:00,K1P1J1,https://flipp.com/flyer/7762213-1185124
7747763,"L'Inter-Marché","Weekly Flyer Valid Thursday Jan 29 - Wednesday Feb 4",2026-01-29T00:00:00-05:00,2026-02-04T23:59:59-05:00,K1P1J1,https://flipp.com/flyer/7747763-1074016
7729195,"Wholesale Club and Club Entrepôt","Happy Lunar New Year",2026-01-29T00:00:00-05:00,2026-02-18T23:59:59-05:00,K1P1J1,https://flipp.com/flyer/7729195-1171680
7729849,"Home Hardware","Home Hardware",2026-01-29T00:00:00-05:00,2026-02-11T23:59:59-05:00,K1P1J1,https://flipp.com/flyer/7729849-1156690
7759471,"Uniprix","Catalogue",2026-02-05T00:00:00-05:00,2026-02-11T23:59:59-05:00,K1P1J1,https://flipp.com/flyer/7759471-1185635
7736745,"Uniprix","Catalogue",2026-01-29T00:00:00-05:00,2026-02-04T23:59:59-05:00,K1P1J1,https://flipp.com/flyer/7736745-1182597
7721288,"PartSource","Current Flyer",2026-01-30T00:00:00-05:00,2026-02-11T23:59:59-05:00,K1P1J1,https://flipp.com/flyer/7721288-1167548
7742965,"Pet Valu","Bi-Weekly Flyer",2026-02-05T00:00:00-05:00,2026-02-18T23:59:59-05:00,K1P1J1,https://flipp.com/flyer/7742965-1169915
7758907,"Showcase","flyer",2026-02-02T00:00:00-05:00,2026-02-08T23:59:59-05:00,K1P1J1,https://flipp.com/flyer/7758907-1185489
7742006,"Jean Coutu","Weekly Flyer",2026-01-29T00:00:00-05:00,2026-02-04T23:59:59-05:00,K1P1J1,https://flipp.com/flyer/7742006-1152741
7758784,"Sleep Country Canada","eFlyer",2026-02-04T00:00:00-05:00,2026-02-10T23:59:59-05:00,K1P1J1,https://flipp.com/flyer/7758784-1185408
7723420,"Pet Valu","Bi-Weekly Flyer",2026-01-22T00:00:00-05:00,2026-02-04T23:59:59-05:00,K1P1J1,https://flipp.com/flyer/7723420-1169914
7729117,"Proxim","A Stores Weekly Flyer",2026-01-29T00:00:00-05:00,2026-02-04T23:59:59-05:00,K1P1J1,https://flipp.com/flyer/7729117-1168234
7758483,"Harvey's","Flyer",2026-02-02T00:00:00-05:00,2026-03-29T23:59:59-04:00,K1P1J1,https://flipp.com/flyer/7758483-1185402
7754837,"Proxim","A Stores Weekly Flyer",2026-02-05T00:00:00-05:00,2026-02-11T23:59:59-05:00,K1P1J1,https://flipp.com/flyer/7754837-1168235
7748881,"Mondou","Flyer",2026-01-29T00:00:00-05:00,2026-02-11T23:59:59-05:00,K1P1J1,https://flipp.com/flyer/7748881-1182741
7758755,"Dormez-Vous","Offre spéciale",2026-02-04T00:00:00-05:00,2026-02-10T23:59:59-05:00,K1P1J1,https://flipp.com/flyer/7758755-1185409
7756908,"Jean Coutu","Weekly Flyer",2026-02-05T00:00:00-05:00,2026-02-11T23:59:59-05:00,K1P1J1,https://flipp.com/flyer/7756908-1152742
7735681,"JYSK","Flyer",2026-01-22T00:00:00-05:00,2026-02-04T23:59:59-05:00,K1P1J1,https://flipp.com/flyer/7735681-1118479
7756957,"Linen Chest","Flyer",2026-01-28T00:00:00-05:00,2026-02-24T23:59:59-05:00,K1P1J1,https://flipp.com/flyer/7756957-1185134
7758680,"BMR","Weekly Flyer",2026-02-05T00:00:00-05:00,2026-02-11T23:59:59-05:00,K1P1J1,https://flipp.com/flyer/7758680-1142973
7758691,"Dormez-Vous","Offre spéciale",2026-02-04T00:00:00-05:00,2026-02-10T23:59:59-05:00,K1P1J1,https://flipp.com/flyer/7758691-1185410
7756990,"Fabricland","Sweet Stitch Savings",2026-02-01T00:00:00-05:00,2026-02-28T23:59:59-05:00,K1P1J1,https://flipp.com/flyer/7756990-1185137
7549030,"Long & McQuade Musical Instruments","Gear Issue 2025",2025-10-01T00:00:00-04:00,2026-07-31T23:59:59-04:00,K1P1J1,https://flipp.com/flyer/7549030-1153153
7699370,"Chatters Salon","Flyer",2026-01-01T00:00:00-05:00,2026-02-04T23:59:59-05:00,K1P1J1,https://flipp.com/flyer/7699370-1164972
7717401,"Walmart","Happy Lunar Year",2026-02-05T00:00:00-05:00,2026-02-25T23:59:59-05:00,K1P1J1,https://flipp.com/flyer/7717401-1179013