id,storeName,title,validFrom,validTo,postalCode,sourceUrl
7715401,"Walmart","Flyer",2026-01-08T00:00:00-05:00,2026-01-14T23:59:59-05:00,T2P3M3,https://flipp.com/flyer/7715401-1134627
7685916,"Walmart","Flyer",2026-01-01T00:00:00-05:00,2026-01-07T23:59:59-05:00,T2P3M3,https://flipp.com/flyer/7685916-1082248
7686889,"Toys ""R"" Us","Boxing Week Flyer",2025-12-25T00:00:00-05:00,2026-01-07T23:59:59-05:00,T2P3M3,https://flipp.com/flyer/7686889-1160394
7686871,"London Drugs","Weekly Flyer",2026-01-02T00:00:00-05:00,2026-01-07T23:59:59-05:00,T2P3M3,https://flipp.com/flyer/7686871-1155425
7680431,"Leon's","Boxing Week Sale",2025-12-25T00:00:00-05:00,2026-01-14T23:59:59-05:00,T2P3M3,https://flipp.com/flyer/7680431-1145779
7689741,"No Frills","Weekly Flyer - Valid Thursday January 8 - Wednesday January 14",2026-01-08T03:00:00-05:00,2026-01-14T23:59:59-05:00,T2P3M3,https://flipp.com/flyer/7689741-1174337
7689526,"Real Canadian Superstore","Weekly Flyer - Valid Thursday Jan 1 - Wednesday Jan 7",2026-01-01T03:00:00-05:00,2026-01-07T23:59:59-05:00,T2P3M3,https://flipp.com/flyer/7689526-1068751
7686944,"UFA Co-operative Limited","Flyer",2026-01-02T00:00:00-05:00,2026-01-27T23:59:59-05:00,T2P3M3,https://flipp.com/flyer/7686944-1174210
7699360,"Real Canadian Superstore","Weekly Flyer - Valid Thursday Jan 8 - Wednesday Jan 14",2026-01-08T03:00:00-05:00,2026-01-14T23:59:59-05:00,T2P3M3,https://flipp.com/flyer/7699360-1068752
7699286,"Calgary Co-op","Weekly Flyer",2026-01-02T00:00:00-05:00,2026-01-07T23:59:59-05:00,T2P3M3,https://flipp.com/flyer/7699286-1145498
7711293,"Sobeys & Safeway Liquor","Weekly eFlyer 1/8 - 1/21",2026-01-08T00:00:00-05:00,2026-01-21T23:59:59-05:00,T2P3M3,https://flipp.com/flyer/7711293-1165912
7696166,"IGA","Weekly eFlyer 01/01 - 01/07",2026-01-01T03:00:00-05:00,2026-01-07T23:59:59-05:00,T2P3M3,https://flipp.com/flyer/7696166-1063615
7705989,"Sobeys","Weekly eFlyer 01/01 - 01/07",2026-01-01T03:00:00-05:00,2026-01-07T23:59:59-05:00,T2P3M3,https://flipp.com/flyer/7705989-970209
7710791,"Calgary Co-op","Weekly Flyer",2026-01-08T00:00:00-05:00,2026-01-14T23:59:59-05:00,T2P3M3,https://flipp.com/flyer/7710791-1145499
7679497,"The Brick","Boxing Week Blowout",2025-12-30T00:00:00-05:00,2026-01-12T23:59:59-05:00,T2P3M3,https://flipp.com/flyer/7679497-1172567
7688411,"Safeway","Weekly eFlyer 01/01 - 01/07",2026-01-01T03:00:00-05:00,2026-01-07T23:59:59-05:00,T2P3M3,https://flipp.com/flyer/7688411-970104
7689735,"No Frills","Weekly Flyer - Valid Thursday January 1 - Wednesday January 7",2026-01-01T03:00:00-05:00,2026-01-07T23:59:59-05:00,T2P3M3,https://flipp.com/flyer/7689735-1174336
7693542,"Canadian Tire","Weekly Flyer",2026-01-08T00:00:00-05:00,2026-01-14T23:59:59-05:00,T2P3M3,https://flipp.com/flyer/7693542-1173308
7693054,"Surplus Furniture & Mattress Warehouse","Flyer",2026-01-05T00:00:00-05:00,2026-01-25T23:59:59-05:00,T2P3M3,https://flipp.com/flyer/7693054-1175838
7682888,"Canadian Tire","Weekly Flyer",2026-01-01T00:00:00-05:00,2026-01-07T23:59:59-05:00,T2P3M3,https://flipp.com/flyer/7682888-1172692
7708389,"T&T Supermarket","Weekly Flyer",2026-01-02T00:00:00-05:00,2026-01-08T23:59:59-05:00,T2P3M3,https://flipp.com/flyer/7708389-1143335
7706625,"Save-On-Foods","Health & Wellness Guide",2026-01-01T00:00:00-05:00,2026-01-07T23:59:59-05:00,T2P3M3,https://flipp.com/flyer/7706625-1177482
7710774,"Best Buy","Flyer",2026-01-02T00:00:00-05:00,2026-01-08T23:59:59-05:00,T2P3M3,https://flipp.com/flyer/7710774-1178105
7709523,"Willow Park Wines & Spirits","Flyer",2026-01-07T00:00:00-05:00,2026-01-13T23:59:59-05:00,T2P3M3,https://flipp.com/flyer/7709523-1141182
7679482,"IKEA","Dark Week Inserts",2025-12-25T00:00:00-05:00,2026-01-07T23:59:59-05:00,T2P3M3,https://flipp.com/flyer/7679482-1172574
7714738,"Newegg ","Flyer",2026-01-05T00:00:00-05:00,2026-01-11T23:59:59-05:00,T2P3M3,https://flipp.com/flyer/7714738-1178517
7688402,"Sobeys","Wellness eflyer 01/01 - 02/11",2026-01-01T03:00:00-05:00,2026-02-11T23:59:59-05:00,T2P3M3,https://flipp.com/flyer/7688402-1171072
7693220,"PetSmart","Monthly Flyer",2026-01-05T00:00:00-05:00,2026-02-01T23:59:59-05:00,T2P3M3,https://flipp.com/flyer/7693220-1175920
7673939,"Amaranth Whole Foods Market","flyer",2026-01-02T00:00:00-05:00,2026-02-05T23:59:59-05:00,T2P3M3,https://flipp.com/flyer/7673939-1172303
7710776,"Mark's ","Weekly Flyer ",2026-01-02T00:00:00-05:00,2026-01-07T23:59:59-05:00,T2P3M3,https://flipp.com/flyer/7710776-1178106
7623301,"On the Run","Direct Flyer",2025-11-19T00:00:00-05:00,2026-01-13T23:59:59-05:00,T2P3M3,https://flipp.com/flyer/7623301-1160175
7696154,"Princess Auto","Price Wrecker",2026-01-01T00:00:00-05:00,2026-01-31T23:59:59-05:00,T2P3M3,https://flipp.com/flyer/7696154-1159982
7710779,"Dollarama","Flyer",2026-01-02T00:00:00-05:00,2026-01-07T23:59:59-05:00,T2P3M3,https://flipp.com/flyer/7710779-1178110
7693471,"Home Depot","Flyer",2026-01-01T00:00:00-05:00,2026-01-14T23:59:59-05:00,T2P3M3,https://flipp.com/flyer/7693471-1130009
7686187,"McDonald's","Direct",2025-12-29T00:00:00-05:00,2026-02-02T23:59:59-05:00,T2P3M3,https://flipp.com/flyer/7686187-1173398
7682863,"Vitamins First","flyer",2026-01-02T00:00:00-05:00,2026-01-17T23:59:59-05:00,T2P3M3,https://flipp.com/flyer/7682863-1172863
7715511,"KMS Tools and Equipment ltd ","Indexed Monthly",2026-01-01T00:00:00-05:00,2026-01-31T23:59:59-05:00,T2P3M3,https://flipp.com/flyer/7715511-1178761
7605876,"RONA & RONA +","Tools Catalogue",2025-11-06T00:00:00-05:00,2026-01-28T23:59:59-05:00,T2P3M3,https://flipp.com/flyer/7605876-1160188
7689520,"Subway","Subway",2026-01-02T00:00:00-05:00,2026-02-12T23:59:59-05:00,T2P3M3,https://flipp.com/flyer/7689520-1175428
7688400,"The Shopping Channel","Dark Week Inserts",2025-12-25T00:00:00-05:00,2026-01-07T23:59:59-05:00,T2P3M3,https://flipp.com/flyer/7688400-1175171
7689445,"Holt Renfrew","Dark Week Inserts",2025-12-25T00:00:00-05:00,2026-01-07T23:59:59-05:00,T2P3M3,https://flipp.com/flyer/7689445-1175449
7699594,"Trail Appliances","Flyer",2026-01-01T00:00:00-05:00,2026-01-07T23:59:59-05:00,T2P3M3,https://flipp.com/flyer/7699594-1175406
7710830,"Staples","Weekly",2026-01-01T00:00:00-05:00,2026-01-08T23:59:59-05:00,T2P3M3,https://flipp.com/flyer/7710830-1178112
7714941,"Old Navy ","Flyer",2026-01-05T00:00:00-05:00,2026-01-11T23:59:59-05:00,T2P3M3,https://flipp.com/flyer/7714941-1178663
7693373,"MEC","Flyer",2025-12-26T00:00:00-05:00,2026-01-07T23:59:59-05:00,T2P3M3,https://flipp.com/flyer/7693373-1175946
7714923,"Costco","Flyer",2026-01-05T00:00:00-05:00,2026-01-11T23:59:59-05:00,T2P3M3,https://flipp.com/flyer/7714923-1178652
7687884,"The Brick Mattress Store","Boxing Week Blowout",2025-12-30T00:00:00-05:00,2026-01-12T23:59:59-05:00,T2P3M3,https://flipp.com/flyer/7687884-1172569
7688405,"Safeway","Wellness eflyer 01/01 - 02/11",2026-01-01T03:00:00-05:00,2026-02-11T23:59:59-05:00,T2P3M3,https://flipp.com/flyer/7688405-1173804
7716861,"Wayfair","flyer",2026-01-06T00:00:00-05:00,2026-01-12T23:59:59-05:00,T2P3M3,https://flipp.com/flyer/7716861-1178821
7714646,"JYSK","Dark Week Inserts",2026-01-01T00:00:00-05:00,2026-01-07T23:59:59-05:00,T2P3M3,https://flipp.com/flyer/7714646-1178442
7661422,"Princess Auto","National Sale",2025-12-30T00:00:00-05:00,2026-01-11T23:59:59-05:00,T2P3M3,https://flipp.com/flyer/7661422-1159973
7709856,"KMS Tools and Equipment ltd ","Indexed Monthly",2026-01-01T00:00:00-05:00,2026-01-31T23:59:59-05:00,T2P3M3,https://flipp.com/flyer/7709856-1177983
7697452,"FreshCo","Weekly eFlyer 01/01 - 01/07",2026-01-01T03:00:00-05:00,2026-01-07T23:59:59-05:00,T2P3M3,https://flipp.com/flyer/7697452-1145172
7687674,"Sport Chek","Dark Week Inserts",2025-12-25T00:00:00-05:00,2026-01-07T23:59:59-05:00,T2P3M3,https://flipp.com/flyer/7687674-1174860
7696202,"Fabricland","West Flyer",2026-01-02T00:00:00-05:00,2026-01-31T23:59:59-05:00,T2P3M3,https://flipp.com/flyer/7696202-1176299
7716857,"Pet Valu","Lookbooks",2026-01-06T11:00:00-05:00,2026-01-31T23:59:59-05:00,T2P3M3,https://flipp.com/flyer/7716857-1178817
7716919,"Bianca Amor Supercentre","Indexed Monthly",2026-01-01T00:00:00-05:00,2026-01-31T23:59:59-05:00,T2P3M3,https://flipp.com/flyer/7716919-1178830
7691620,"Costco","Flyer",2025-12-22T00:00:00-05:00,2026-01-18T23:59:59-05:00,T2P3M3,https://flipp.com/flyer/7691620-1175785
7691537,"Pet Valu","Lookbooks",2026-01-01T00:00:00-05:00,2026-01-31T23:59:59-05:00,T2P3M3,https://flipp.com/flyer/7691537-1169921
7714985,"Costco","Costco Grocery",2026-01-05T00:00:00-05:00,2026-01-11T23:59:59-05:00,T2P3M3,https://flipp.com/flyer/7714985-1178684
7713901,"Star Building Materials","Indexed Monthly Flyer",2025-12-29T00:00:00-05:00,2026-01-11T23:59:59-05:00,T2P3M3,https://flipp.com/flyer/7713901-1178412
7708727,"Shaganappi Mediterranean Market","Indexed Weekly",2026-01-01T00:00:00-05:00,2026-01-07T23:59:59-05:00,T2P3M3,https://flipp.com/flyer/7708727-1177847
7708459,"BSW Liquor","Flyer",2026-01-07T00:00:00-05:00,2026-01-13T23:59:59-05:00,T2P3M3,https://flipp.com/flyer/7708459-1066326
7708649,"Kay's Food Market","Indexed Weekly",2026-01-01T00:00:00-05:00,2026-01-07T23:59:59-05:00,T2P3M3,https://flipp.com/flyer/7708649-1177795
7709136,"Fruiticana","Insert",2026-01-01T00:00:00-05:00,2026-12-31T23:59:59-05:00,T2P3M3,https://flipp.com/flyer/7709136-1177848
7709524,"Shop N Save Liquor","Bi-Weekly",2025-12-26T00:00:00-05:00,2026-01-08T23:59:59-05:00,T2P3M3,https://flipp.com/flyer/7709524-1177877
7498513,"Party City","Local Ad",2025-08-29T00:00:00-04:00,2026-01-29T23:59:59-05:00,T2P3M3,https://flipp.com/flyer/7498513-1062812
7691576,"Cabela's & Bass Pro","Ice Fishing Classic",2026-01-08T00:00:00-05:00,2026-01-28T23:59:59-05:00,T2P3M3,https://flipp.com/flyer/7691576-1175485
7709961,"Stokes ","Flyer",2026-01-05T00:00:00-05:00,2026-01-25T23:59:59-05:00,T2P3M3,https://flipp.com/flyer/7709961-1153605
7695515,"Rexall","Weekly Flyer",2026-01-02T00:00:00-05:00,2026-01-15T23:59:59-05:00,T2P3M3,https://flipp.com/flyer/7695515-1146980
7696189,"M&M Food Market","Weekly Flyer",2026-01-01T00:00:00-05:00,2026-01-07T23:59:59-05:00,T2P3M3,https://flipp.com/flyer/7696189-1175849
7696029,"Save-On-Foods","Flyer",2026-01-01T03:00:00-05:00,2026-01-07T23:59:59-05:00,T2P3M3,https://flipp.com/flyer/7696029-1143570
7689104,"Cabela's & Bass Pro","Boxing Week",2025-12-26T00:00:00-05:00,2026-01-07T23:59:59-05:00,T2P3M3,https://flipp.com/flyer/7689104-1175403
7679592,"Wholesale Club and Club Entrepôt","Weekly Flyer - Valid Thursday Jan 1 - Wednesday Jan 7",2026-01-01T00:00:00-05:00,2026-01-28T23:59:59-05:00,T2P3M3,https://flipp.com/flyer/7679592-1171678
7686912,"PharmaChoice","Health Centre Flyer",2026-01-01T00:00:00-05:00,2026-01-07T23:59:59-05:00,T2P3M3,https://flipp.com/flyer/7686912-1174207
7687845,"RONA & RONA +","Weekly Flyer",2026-01-01T00:00:00-05:00,2026-01-14T23:59:59-05:00,T2P3M3,https://flipp.com/flyer/7687845-1169482
7699315,"Co-op Wine Spirits Beer Liquor","Weekly Flyer",2026-01-01T00:00:00-05:00,2026-01-07T23:59:59-05:00,T2P3M3,https://flipp.com/flyer/7699315-1145559
7701863,"Pharmasave","Weekly Flyer and Coupons",2026-01-02T00:00:00-05:00,2026-01-08T23:59:59-05:00,T2P3M3,https://flipp.com/flyer/7701863-1170747
7689742,"EB Games Canada","Flyer",2026-01-05T00:00:00-05:00,2026-02-01T23:59:59-05:00,T2P3M3,https://flipp.com/flyer/7689742-1175423
7683116,"Shoppers Drug Mart","Flyer",2026-01-03T00:00:00-05:00,2026-01-08T23:59:59-05:00,T2P3M3,https://flipp.com/flyer/7683116-1079163
7691564,"Community Natural Foods","Weekly Flyer",2026-01-01T00:00:00-05:00,2026-02-04T23:59:59-05:00,T2P3M3,https://flipp.com/flyer/7691564-1164816
7635963,"Cabela's & Bass Pro","Ice Fishing Catalogue",2025-11-21T00:00:00-05:00,2026-01-30T23:59:59-05:00,T2P3M3,https://flipp.com/flyer/7635963-1071605
7686942,"PharmaChoice","Health Centre Flyer",2026-01-08T00:00:00-05:00,2026-01-14T23:59:59-05:00,T2P3M3,https://flipp.com/flyer/7686942-1174209
7693189,"Michaels Canada","Weekly Ad",2026-01-02T00:00:00-05:00,2026-01-08T23:59:59-05:00,T2P3M3,https://flipp.com/flyer/7693189-1084848
7715470,"Real Canadian Liquor Store","Weekly Flyer - Valid Wednesday Jan 7 - Sunday Jan 11",2026-01-07T00:00:00-05:00,2026-01-11T23:59:59-05:00,T2P3M3,https://flipp.com/flyer/7715470-1133049
7710785,"Co-op Wine Spirits Beer Liquor","Weekly Flyer",2026-01-08T00:00:00-05:00,2026-01-14T23:59:59-05:00,T2P3M3,https://flipp.com/flyer/7710785-1145560
7703566,"Visions Electronics","Boxing Day Sale Held Over",2026-01-02T00:00:00-05:00,2026-01-08T23:59:59-05:00,T2P3M3,https://flipp.com/flyer/7703566-1075979
7708556,"Basha Foods International","Indexed Bi-Weekly",2026-01-01T00:00:00-05:00,2026-01-07T23:59:59-05:00,T2P3M3,https://flipp.com/flyer/7708556-1177757
7714679,"Giant Tiger","Weekly Flyer",2026-01-07T00:00:00-05:00,2026-01-13T23:59:59-05:00,T2P3M3,https://flipp.com/flyer/7714679-1150573
7692771,"Family Foods","Weekly eFlyer 01/08-01/14",2026-01-08T00:00:00-05:00,2026-01-14T23:59:59-05:00,T2P3M3,https://flipp.com/flyer/7692771-1063561
7711842,"Lucky Supermarket","Indexed Weekly",2026-01-02T00:00:00-05:00,2026-01-08T23:59:59-05:00,T2P3M3,https://flipp.com/flyer/7711842-1178216
7679344,"Vistek","Flyer",2025-12-19T23:59:00-05:00,2026-01-08T23:59:59-05:00,T2P3M3,https://flipp.com/flyer/7679344-1158932
7689704,"Family Foods","Weekly eFlyer 01/01-01/07",2026-01-01T00:00:00-05:00,2026-01-07T23:59:59-05:00,T2P3M3,https://flipp.com/flyer/7689704-1063560
7701859,"Pharmasave","Weekly Flyer and Coupons",2026-01-02T00:00:00-05:00,2026-01-15T23:59:59-05:00,T2P3M3,https://flipp.com/flyer/7701859-1170816
7696095,"Sleep Country Canada","eFlyer",2026-01-07T00:00:00-05:00,2026-01-20T23:59:59-05:00,T2P3M3,https://flipp.com/flyer/7696095-1175848
7706596,"Pet Valu","Bi-Weekly Flyer",2026-01-08T00:00:00-05:00,2026-01-21T23:59:59-05:00,T2P3M3,https://flipp.com/flyer/7706596-1169913
7640659,"Remedy'sRx","Promotional Flyer",2025-12-26T00:00:00-05:00,2026-01-22T23:59:59-05:00,T2P3M3,https://flipp.com/flyer/7640659-1166196
7688000,"Showcase","flyer",2025-12-25T00:00:00-05:00,2026-01-11T23:59:59-05:00,T2P3M3,https://flipp.com/flyer/7688000-1173811
7670689,"PartSource","Current Flyer",2026-01-02T00:00:00-05:00,2026-01-07T23:59:59-05:00,T2P3M3,https://flipp.com/flyer/7670689-1167545
7667993,"Pet Valu","Bi-Weekly Flyer",2025-12-25T00:00:00-05:00,2026-01-07T23:59:59-05:00,T2P3M3,https://flipp.com/flyer/7667993-1159769
7612979,"Harvey's","Flyer",2025-11-17T00:00:00-05:00,2026-01-25T23:59:59-05:00,T2P3M3,https://flipp.com/flyer/7612979-1161010
7687709,"Walmart","Start fresh for less",2026-01-01T00:00:00-05:00,2026-01-28T23:59:59-05:00,T2P3M3,https://flipp.com/flyer/7687709-1091869
7699370,"Chatters Salon","Flyer",2026-01-01T00:00:00-05:00,2026-02-04T23:59:59-05:00,T2P3M3,https://flipp.com/flyer/7699370-1164972
7549030,"Long & McQuade Musical Instruments","Gear Issue 2025",2025-10-01T00:00:00-04:00,2026-07-31T23:59:59-04:00,T2P3M3,https://flipp.com/flyer/7549030-1153153